[{"model": "admin.logentry", "pk": 1, "fields": {"action_time": "2021-11-13T17:43:38.148Z", "user": 1, "content_type": 7, "object_id": "1", "object_repr": "big3.example.com", "action_flag": 2, "change_message": "[{\"changed\": {\"fields\": [\"Domain name\", \"Display name\"]}}]"}}, {"model": "admin.logentry", "pk": 2, "fields": {"action_time": "2021-11-13T18:29:58.796Z", "user": 1, "content_type": 8, "object_id": "1", "object_repr": "ale.aparicio@live.com", "action_flag": 1, "change_message": "[{\"added\": {}}]"}}, {"model": "admin.logentry", "pk": 3, "fields": {"action_time": "2021-11-20T20:19:45.462Z", "user": 1, "content_type": 13, "object_id": "1", "object_repr": "Naruto", "action_flag": 1, "change_message": "[{\"added\": {}}]"}}, {"model": "admin.logentry", "pk": 4, "fields": {"action_time": "2021-11-20T20:19:58.080Z", "user": 1, "content_type": 13, "object_id": "1", "object_repr": "Naruto", "action_flag": 3, "change_message": ""}}, {"model": "admin.logentry", "pk": 5, "fields": {"action_time": "2021-11-20T20:20:46.407Z", "user": 1, "content_type": 13, "object_id": "2", "object_repr": "Apparel", "action_flag": 1, "change_message": "[{\"added\": {}}]"}}, {"model": "admin.logentry", "pk": 6, "fields": {"action_time": "2021-11-20T20:20:50.951Z", "user": 1, "content_type": 13, "object_id": "2", "object_repr": "Apparel", "action_flag": 2, "change_message": "[]"}}, {"model": "admin.logentry", "pk": 7, "fields": {"action_time": "2021-11-20T20:30:05.286Z", "user": 1, "content_type": 14, "object_id": "1", "object_repr": "Bleach Espada Sleeve Shirt", "action_flag": 1, "change_message": "[{\"added\": {}}]"}}, {"model": "admin.logentry", "pk": 8, "fields": {"action_time": "2021-11-20T20:32:28.214Z", "user": 1, "content_type": 14, "object_id": "2", "object_repr": "Ichigo Shirt", "action_flag": 1, "change_message": "[{\"added\": {}}]"}}, {"model": "admin.logentry", "pk": 9, "fields": {"action_time": "2021-11-20T20:33:32.872Z", "user": 1, "content_type": 14, "object_id": "3", "object_repr": "Nelliel Shirt", "action_flag": 1, "change_message": "[{\"added\": {}}]"}}, {"model": "admin.logentry", "pk": 10, "fields": {"action_time": "2021-11-20T20:33:42.868Z", "user": 1, "content_type": 14, "object_id": "2", "object_repr": "Bleach Ichigo Shirt", "action_flag": 2, "change_message": "[{\"changed\": {\"fields\": [\"Name\"]}}]"}}, {"model": "admin.logentry", "pk": 11, "fields": {"action_time": "2021-11-20T20:33:48.924Z", "user": 1, "content_type": 14, "object_id": "3", "object_repr": "Bleach Nelliel Shirt", "action_flag": 2, "change_message": "[{\"changed\": {\"fields\": [\"Name\"]}}]"}}, {"model": "admin.logentry", "pk": 12, "fields": {"action_time": "2021-11-20T20:35:22.132Z", "user": 1, "content_type": 14, "object_id": "4", "object_repr": "Bleach Orihime Hoodie", "action_flag": 1, "change_message": "[{\"added\": {}}]"}}, {"model": "admin.logentry", "pk": 13, "fields": {"action_time": "2021-11-20T20:37:20.348Z", "user": 1, "content_type": 14, "object_id": "5", "object_repr": "Bleach Toshiro Shirt", "action_flag": 1, "change_message": "[{\"added\": {}}]"}}, {"model": "admin.logentry", "pk": 14, "fields": {"action_time": "2021-11-20T20:38:46.331Z", "user": 1, "content_type": 14, "object_id": "6", "object_repr": "Bleach Ulquiorra Shirt", "action_flag": 1, "change_message": "[{\"added\": {}}]"}}, {"model": "admin.logentry", "pk": 15, "fields": {"action_time": "2021-11-20T20:39:38.759Z", "user": 1, "content_type": 13, "object_id": "3", "object_repr": "Figures", "action_flag": 1, "change_message": "[{\"added\": {}}]"}}, {"model": "admin.logentry", "pk": 16, "fields": {"action_time": "2021-11-20T20:39:42.932Z", "user": 1, "content_type": 13, "object_id": "4", "object_repr": "Props", "action_flag": 1, "change_message": "[{\"added\": {}}]"}}, {"model": "admin.logentry", "pk": 17, "fields": {"action_time": "2021-11-20T20:44:30.473Z", "user": 1, "content_type": 14, "object_id": "7", "object_repr": "Naruto Akatsuki Shirt", "action_flag": 1, "change_message": "[{\"added\": {}}]"}}, {"model": "admin.logentry", "pk": 18, "fields": {"action_time": "2021-11-20T20:45:41.516Z", "user": 1, "content_type": 14, "object_id": "8", "object_repr": "Naruto Itachi Hoodie", "action_flag": 1, "change_message": "[{\"added\": {}}]"}}, {"model": "admin.logentry", "pk": 19, "fields": {"action_time": "2021-11-20T20:46:55.158Z", "user": 1, "content_type": 14, "object_id": "9", "object_repr": "Naruto Kakashi Hoodie", "action_flag": 1, "change_message": "[{\"added\": {}}]"}}, {"model": "admin.logentry", "pk": 20, "fields": {"action_time": "2021-11-20T20:49:20.053Z", "user": 1, "content_type": 14, "object_id": "10", "object_repr": "Naruto Shirt", "action_flag": 1, "change_message": "[{\"added\": {}}]"}}, {"model": "admin.logentry", "pk": 21, "fields": {"action_time": "2021-11-20T20:52:16.376Z", "user": 1, "content_type": 14, "object_id": "11", "object_repr": "Naruto Pain Shirt", "action_flag": 1, "change_message": "[{\"added\": {}}]"}}, {"model": "admin.logentry", "pk": 22, "fields": {"action_time": "2021-11-20T20:53:20.601Z", "user": 1, "content_type": 14, "object_id": "12", "object_repr": "Naruto Rock Lee Hoodie", "action_flag": 1, "change_message": "[{\"added\": {}}]"}}, {"model": "admin.logentry", "pk": 23, "fields": {"action_time": "2021-11-20T20:55:07.565Z", "user": 1, "content_type": 14, "object_id": "13", "object_repr": "One Piece Straw Hats Shirt", "action_flag": 1, "change_message": "[{\"added\": {}}]"}}, {"model": "admin.logentry", "pk": 24, "fields": {"action_time": "2021-11-20T20:56:23.093Z", "user": 1, "content_type": 14, "object_id": "14", "object_repr": "One Piece Chopper Shirt", "action_flag": 1, "change_message": "[{\"added\": {}}]"}}, {"model": "admin.logentry", "pk": 25, "fields": {"action_time": "2021-11-20T20:57:49.830Z", "user": 1, "content_type": 14, "object_id": "15", "object_repr": "One Piece Donquixote Doflamingo Shirt", "action_flag": 1, "change_message": "[{\"added\": {}}]"}}, {"model": "admin.logentry", "pk": 26, "fields": {"action_time": "2021-11-20T20:58:29.545Z", "user": 1, "content_type": 14, "object_id": "16", "object_repr": "One Piece Going Merry Shirt", "action_flag": 1, "change_message": "[{\"added\": {}}]"}}, {"model": "admin.logentry", "pk": 27, "fields": {"action_time": "2021-11-20T21:01:00.952Z", "user": 1, "content_type": 14, "object_id": "17", "object_repr": "One Piece Pirate King Shirt", "action_flag": 1, "change_message": "[{\"added\": {}}]"}}, {"model": "admin.logentry", "pk": 28, "fields": {"action_time": "2021-11-20T21:01:24.071Z", "user": 1, "content_type": 14, "object_id": "16", "object_repr": "One Piece Going Merry Shirt", "action_flag": 2, "change_message": "[{\"changed\": {\"fields\": [\"Sku\"]}}]"}}, {"model": "admin.logentry", "pk": 29, "fields": {"action_time": "2021-11-20T21:05:18.893Z", "user": 1, "content_type": 14, "object_id": "18", "object_repr": "One Piece Luffy x Zoro Shirt", "action_flag": 1, "change_message": "[{\"added\": {}}]"}}, {"model": "admin.logentry", "pk": 30, "fields": {"action_time": "2021-11-20T21:12:15.387Z", "user": 1, "content_type": 14, "object_id": "18", "object_repr": "One Piece Luffy x Zoro Shirt", "action_flag": 2, "change_message": "[{\"changed\": {\"fields\": [\"Category\"]}}]"}}, {"model": "admin.logentry", "pk": 31, "fields": {"action_time": "2021-11-20T21:12:23.449Z", "user": 1, "content_type": 14, "object_id": "17", "object_repr": "One Piece Pirate King Shirt", "action_flag": 2, "change_message": "[{\"changed\": {\"fields\": [\"Category\"]}}]"}}, {"model": "admin.logentry", "pk": 32, "fields": {"action_time": "2021-11-20T21:12:28.469Z", "user": 1, "content_type": 14, "object_id": "16", "object_repr": "One Piece Going Merry Shirt", "action_flag": 2, "change_message": "[{\"changed\": {\"fields\": [\"Category\"]}}]"}}, {"model": "admin.logentry", "pk": 33, "fields": {"action_time": "2021-11-20T21:12:33.259Z", "user": 1, "content_type": 14, "object_id": "15", "object_repr": "One Piece Donquixote Doflamingo Shirt", "action_flag": 2, "change_message": "[{\"changed\": {\"fields\": [\"Category\"]}}]"}}, {"model": "admin.logentry", "pk": 34, "fields": {"action_time": "2021-11-20T21:12:37.289Z", "user": 1, "content_type": 14, "object_id": "15", "object_repr": "One Piece Donquixote Doflamingo Shirt", "action_flag": 2, "change_message": "[]"}}, {"model": "admin.logentry", "pk": 35, "fields": {"action_time": "2021-11-20T21:12:40.892Z", "user": 1, "content_type": 14, "object_id": "14", "object_repr": "One Piece Chopper Shirt", "action_flag": 2, "change_message": "[]"}}, {"model": "admin.logentry", "pk": 36, "fields": {"action_time": "2021-11-20T21:12:45.587Z", "user": 1, "content_type": 14, "object_id": "13", "object_repr": "One Piece Straw Hats Shirt", "action_flag": 2, "change_message": "[{\"changed\": {\"fields\": [\"Category\"]}}]"}}, {"model": "admin.logentry", "pk": 37, "fields": {"action_time": "2021-11-20T21:12:59.591Z", "user": 1, "content_type": 14, "object_id": "13", "object_repr": "One Piece Straw Hats Shirt", "action_flag": 2, "change_message": "[]"}}, {"model": "admin.logentry", "pk": 38, "fields": {"action_time": "2021-11-20T21:13:03.805Z", "user": 1, "content_type": 14, "object_id": "12", "object_repr": "Naruto Rock Lee Hoodie", "action_flag": 2, "change_message": "[]"}}, {"model": "admin.logentry", "pk": 39, "fields": {"action_time": "2021-11-20T21:13:07.327Z", "user": 1, "content_type": 14, "object_id": "11", "object_repr": "Naruto Pain Shirt", "action_flag": 2, "change_message": "[]"}}, {"model": "admin.logentry", "pk": 40, "fields": {"action_time": "2021-11-20T21:13:15.969Z", "user": 1, "content_type": 14, "object_id": "10", "object_repr": "Naruto Shirt", "action_flag": 2, "change_message": "[{\"changed\": {\"fields\": [\"Category\"]}}]"}}, {"model": "admin.logentry", "pk": 41, "fields": {"action_time": "2021-11-20T21:14:20.122Z", "user": 1, "content_type": 14, "object_id": "9", "object_repr": "Naruto Kakashi Hoodie", "action_flag": 2, "change_message": "[{\"changed\": {\"fields\": [\"Category\"]}}]"}}, {"model": "admin.logentry", "pk": 42, "fields": {"action_time": "2021-11-20T21:14:24.149Z", "user": 1, "content_type": 14, "object_id": "10", "object_repr": "Naruto Shirt", "action_flag": 2, "change_message": "[]"}}, {"model": "admin.logentry", "pk": 43, "fields": {"action_time": "2021-11-20T21:14:28.121Z", "user": 1, "content_type": 14, "object_id": "8", "object_repr": "Naruto Itachi Hoodie", "action_flag": 2, "change_message": "[]"}}, {"model": "admin.logentry", "pk": 44, "fields": {"action_time": "2021-11-20T21:14:31.550Z", "user": 1, "content_type": 14, "object_id": "7", "object_repr": "Naruto Akatsuki Shirt", "action_flag": 2, "change_message": "[]"}}, {"model": "admin.logentry", "pk": 45, "fields": {"action_time": "2021-11-20T21:14:35.230Z", "user": 1, "content_type": 14, "object_id": "6", "object_repr": "Bleach Ulquiorra Shirt", "action_flag": 2, "change_message": "[]"}}, {"model": "admin.logentry", "pk": 46, "fields": {"action_time": "2021-11-20T21:14:38.689Z", "user": 1, "content_type": 14, "object_id": "5", "object_repr": "Bleach Toshiro Shirt", "action_flag": 2, "change_message": "[]"}}, {"model": "admin.logentry", "pk": 47, "fields": {"action_time": "2021-11-20T21:14:41.889Z", "user": 1, "content_type": 14, "object_id": "4", "object_repr": "Bleach Orihime Hoodie", "action_flag": 2, "change_message": "[]"}}, {"model": "admin.logentry", "pk": 48, "fields": {"action_time": "2021-11-20T21:14:45.352Z", "user": 1, "content_type": 14, "object_id": "3", "object_repr": "Bleach Nelliel Shirt", "action_flag": 2, "change_message": "[]"}}, {"model": "admin.logentry", "pk": 49, "fields": {"action_time": "2021-11-20T21:14:49.500Z", "user": 1, "content_type": 14, "object_id": "2", "object_repr": "Bleach Ichigo Shirt", "action_flag": 2, "change_message": "[]"}}, {"model": "admin.logentry", "pk": 50, "fields": {"action_time": "2021-11-20T21:14:52.664Z", "user": 1, "content_type": 14, "object_id": "1", "object_repr": "Bleach Espada Sleeve Shirt", "action_flag": 2, "change_message": "[]"}}, {"model": "admin.logentry", "pk": 51, "fields": {"action_time": "2021-11-20T21:29:41.811Z", "user": 1, "content_type": 14, "object_id": "19", "object_repr": "Bleach Byakuya Figure", "action_flag": 1, "change_message": "[{\"added\": {}}]"}}, {"model": "admin.logentry", "pk": 52, "fields": {"action_time": "2021-11-20T21:53:43.493Z", "user": 1, "content_type": 14, "object_id": "20", "object_repr": "Bleach Kenpachi Figure", "action_flag": 1, "change_message": "[{\"added\": {}}]"}}, {"model": "admin.logentry", "pk": 53, "fields": {"action_time": "2021-11-20T21:53:49.106Z", "user": 1, "content_type": 14, "object_id": "20", "object_repr": "Bleach Kenpachi Figure", "action_flag": 2, "change_message": "[{\"changed\": {\"fields\": [\"Category\"]}}]"}}, {"model": "admin.logentry", "pk": 54, "fields": {"action_time": "2021-11-20T21:55:20.436Z", "user": 1, "content_type": 14, "object_id": "21", "object_repr": "Bleach Rangiku Figure", "action_flag": 1, "change_message": "[{\"added\": {}}]"}}, {"model": "admin.logentry", "pk": 55, "fields": {"action_time": "2021-11-20T21:56:13.620Z", "user": 1, "content_type": 14, "object_id": "22", "object_repr": "Bleach Renji Figure", "action_flag": 1, "change_message": "[{\"added\": {}}]"}}, {"model": "admin.logentry", "pk": 56, "fields": {"action_time": "2021-11-20T21:57:21.023Z", "user": 1, "content_type": 14, "object_id": "23", "object_repr": "Bleach Shunsui Figure", "action_flag": 1, "change_message": "[{\"added\": {}}]"}}, {"model": "admin.logentry", "pk": 57, "fields": {"action_time": "2021-11-20T21:57:25.985Z", "user": 1, "content_type": 14, "object_id": "22", "object_repr": "Bleach Renji Figure", "action_flag": 2, "change_message": "[{\"changed\": {\"fields\": [\"Category\"]}}]"}}, {"model": "admin.logentry", "pk": 58, "fields": {"action_time": "2021-11-20T21:59:06.573Z", "user": 1, "content_type": 14, "object_id": "24", "object_repr": "Bleach Ukitake Figure", "action_flag": 1, "change_message": "[{\"added\": {}}]"}}, {"model": "admin.logentry", "pk": 59, "fields": {"action_time": "2021-11-20T22:00:20.504Z", "user": 1, "content_type": 14, "object_id": "25", "object_repr": "Naruto Itachi Figure", "action_flag": 1, "change_message": "[{\"added\": {}}]"}}, {"model": "admin.logentry", "pk": 60, "fields": {"action_time": "2021-11-20T22:02:37.797Z", "user": 1, "content_type": 14, "object_id": "26", "object_repr": "Naruto Kakashi Figure", "action_flag": 1, "change_message": "[{\"added\": {}}]"}}, {"model": "admin.logentry", "pk": 61, "fields": {"action_time": "2021-11-20T22:09:59.378Z", "user": 1, "content_type": 14, "object_id": "27", "object_repr": "Naruto Madara-Obito Figure", "action_flag": 1, "change_message": "[{\"added\": {}}]"}}, {"model": "admin.logentry", "pk": 62, "fields": {"action_time": "2021-11-20T22:15:34.276Z", "user": 1, "content_type": 14, "object_id": "27", "object_repr": "Naruto Madara-Obito Figure", "action_flag": 2, "change_message": "[]"}}, {"model": "admin.logentry", "pk": 63, "fields": {"action_time": "2021-11-20T22:17:35.503Z", "user": 1, "content_type": 14, "object_id": "28", "object_repr": "Naruto Figure", "action_flag": 1, "change_message": "[{\"added\": {}}]"}}, {"model": "admin.logentry", "pk": 64, "fields": {"action_time": "2021-11-20T22:19:08.268Z", "user": 1, "content_type": 14, "object_id": "29", "object_repr": "Obito Figure", "action_flag": 1, "change_message": "[{\"added\": {}}]"}}, {"model": "admin.logentry", "pk": 65, "fields": {"action_time": "2021-11-20T22:19:23.325Z", "user": 1, "content_type": 14, "object_id": "29", "object_repr": "Naruto Obito Figure", "action_flag": 2, "change_message": "[{\"changed\": {\"fields\": [\"Name\"]}}]"}}, {"model": "admin.logentry", "pk": 66, "fields": {"action_time": "2021-11-20T22:21:18.704Z", "user": 1, "content_type": 14, "object_id": "30", "object_repr": "Naruto Sasuke Figure", "action_flag": 1, "change_message": "[{\"added\": {}}]"}}, {"model": "admin.logentry", "pk": 67, "fields": {"action_time": "2021-11-20T22:23:32.605Z", "user": 1, "content_type": 14, "object_id": "31", "object_repr": "One Piece Ace Figure", "action_flag": 1, "change_message": "[{\"added\": {}}]"}}, {"model": "admin.logentry", "pk": 68, "fields": {"action_time": "2021-11-20T22:25:36.515Z", "user": 1, "content_type": 14, "object_id": "32", "object_repr": "One Piece Black Beard Figure", "action_flag": 1, "change_message": "[{\"added\": {}}]"}}, {"model": "admin.logentry", "pk": 69, "fields": {"action_time": "2021-11-20T22:27:33.837Z", "user": 1, "content_type": 14, "object_id": "33", "object_repr": "One Piece Luffy Figure", "action_flag": 1, "change_message": "[{\"added\": {}}]"}}, {"model": "admin.logentry", "pk": 70, "fields": {"action_time": "2021-11-20T22:28:33.162Z", "user": 1, "content_type": 14, "object_id": "34", "object_repr": "One Piece Marco Figure", "action_flag": 1, "change_message": "[{\"added\": {}}]"}}, {"model": "admin.logentry", "pk": 71, "fields": {"action_time": "2021-11-20T22:29:41.996Z", "user": 1, "content_type": 14, "object_id": "35", "object_repr": "One Piece Sanji Figure", "action_flag": 1, "change_message": "[{\"added\": {}}]"}}, {"model": "admin.logentry", "pk": 72, "fields": {"action_time": "2021-11-20T22:29:47.366Z", "user": 1, "content_type": 14, "object_id": "33", "object_repr": "One Piece Luffy Figure", "action_flag": 2, "change_message": "[]"}}, {"model": "admin.logentry", "pk": 73, "fields": {"action_time": "2021-11-20T22:30:53.092Z", "user": 1, "content_type": 14, "object_id": "36", "object_repr": "One Piece Zoro Figure", "action_flag": 1, "change_message": "[{\"added\": {}}]"}}, {"model": "admin.logentry", "pk": 74, "fields": {"action_time": "2021-11-21T01:51:36.574Z", "user": 1, "content_type": 14, "object_id": "37", "object_repr": "Bleach Ichigo Hollow Mask", "action_flag": 1, "change_message": "[{\"added\": {}}]"}}, {"model": "admin.logentry", "pk": 75, "fields": {"action_time": "2021-11-21T01:53:34.810Z", "user": 1, "content_type": 14, "object_id": "38", "object_repr": "Bleach Ichigo Sword", "action_flag": 1, "change_message": "[{\"added\": {}}]"}}, {"model": "admin.logentry", "pk": 76, "fields": {"action_time": "2021-11-21T01:55:28.305Z", "user": 1, "content_type": 14, "object_id": "39", "object_repr": "Bleach Kenpachi Sword", "action_flag": 1, "change_message": "[{\"added\": {}}]"}}, {"model": "admin.logentry", "pk": 77, "fields": {"action_time": "2021-11-21T01:57:01.078Z", "user": 1, "content_type": 14, "object_id": "40", "object_repr": "Bleach Rukia Sword", "action_flag": 1, "change_message": "[{\"added\": {}}]"}}, {"model": "admin.logentry", "pk": 78, "fields": {"action_time": "2021-11-21T01:57:53.911Z", "user": 1, "content_type": 14, "object_id": "41", "object_repr": "Toshiro Sword", "action_flag": 1, "change_message": "[{\"added\": {}}]"}}, {"model": "admin.logentry", "pk": 79, "fields": {"action_time": "2021-11-21T01:58:01.603Z", "user": 1, "content_type": 14, "object_id": "41", "object_repr": "Bleach Toshiro Sword", "action_flag": 2, "change_message": "[{\"changed\": {\"fields\": [\"Name\"]}}]"}}, {"model": "admin.logentry", "pk": 80, "fields": {"action_time": "2021-11-21T01:59:04.059Z", "user": 1, "content_type": 14, "object_id": "42", "object_repr": "Bleach Kisuke Urahara Sword", "action_flag": 1, "change_message": "[{\"added\": {}}]"}}, {"model": "admin.logentry", "pk": 81, "fields": {"action_time": "2021-11-21T02:01:13.684Z", "user": 1, "content_type": 14, "object_id": "43", "object_repr": "Naruto Akatsuki Rings", "action_flag": 1, "change_message": "[{\"added\": {}}]"}}, {"model": "admin.logentry", "pk": 82, "fields": {"action_time": "2021-11-21T02:02:19.729Z", "user": 1, "content_type": 14, "object_id": "44", "object_repr": "Naruto Akatsuki Robe", "action_flag": 1, "change_message": "[{\"added\": {}}]"}}, {"model": "admin.logentry", "pk": 83, "fields": {"action_time": "2021-11-21T02:03:31.465Z", "user": 1, "content_type": 14, "object_id": "45", "object_repr": "Naruto Minato Costume", "action_flag": 1, "change_message": "[{\"added\": {}}]"}}, {"model": "admin.logentry", "pk": 84, "fields": {"action_time": "2021-11-21T02:04:13.521Z", "user": 1, "content_type": 14, "object_id": "46", "object_repr": "Naruto Hokage Robe", "action_flag": 1, "change_message": "[{\"added\": {}}]"}}, {"model": "admin.logentry", "pk": 85, "fields": {"action_time": "2021-11-21T02:05:14.731Z", "user": 1, "content_type": 14, "object_id": "47", "object_repr": "Naruto Ninja Headband", "action_flag": 1, "change_message": "[{\"added\": {}}]"}}, {"model": "admin.logentry", "pk": 86, "fields": {"action_time": "2021-11-21T02:06:17.118Z", "user": 1, "content_type": 14, "object_id": "48", "object_repr": "Naruto Tobi Mask", "action_flag": 1, "change_message": "[{\"added\": {}}]"}}, {"model": "admin.logentry", "pk": 87, "fields": {"action_time": "2021-11-21T02:07:31.573Z", "user": 1, "content_type": 14, "object_id": "49", "object_repr": "One Piece Straw Hat Jolly Roger", "action_flag": 1, "change_message": "[{\"added\": {}}]"}}, {"model": "admin.logentry", "pk": 88, "fields": {"action_time": "2021-11-21T02:08:09.035Z", "user": 1, "content_type": 14, "object_id": "50", "object_repr": "One Piece Ace Hat", "action_flag": 1, "change_message": "[{\"added\": {}}]"}}, {"model": "admin.logentry", "pk": 89, "fields": {"action_time": "2021-11-21T02:09:16.065Z", "user": 1, "content_type": 14, "object_id": "51", "object_repr": "One Piece Zoro Swords", "action_flag": 1, "change_message": "[{\"added\": {}}]"}}, {"model": "admin.logentry", "pk": 90, "fields": {"action_time": "2021-11-21T02:09:30.608Z", "user": 1, "content_type": 14, "object_id": "51", "object_repr": "One Piece Zoro Swords", "action_flag": 2, "change_message": "[{\"changed\": {\"fields\": [\"Price\"]}}]"}}, {"model": "admin.logentry", "pk": 91, "fields": {"action_time": "2021-11-21T02:09:38.038Z", "user": 1, "content_type": 14, "object_id": "51", "object_repr": "One Piece Zoro Swords", "action_flag": 2, "change_message": "[{\"changed\": {\"fields\": [\"Image\"]}}]"}}, {"model": "admin.logentry", "pk": 92, "fields": {"action_time": "2021-11-21T02:10:33.920Z", "user": 1, "content_type": 14, "object_id": "52", "object_repr": "One Piece Luffy Hat", "action_flag": 1, "change_message": "[{\"added\": {}}]"}}, {"model": "admin.logentry", "pk": 93, "fields": {"action_time": "2021-11-21T02:11:23.098Z", "user": 1, "content_type": 14, "object_id": "53", "object_repr": "One Piece Trafalgar Hat", "action_flag": 1, "change_message": "[{\"added\": {}}]"}}, {"model": "admin.logentry", "pk": 94, "fields": {"action_time": "2021-11-21T20:07:05.963Z", "user": 1, "content_type": 14, "object_id": "1", "object_repr": "Bleach Espada Sleeve Shirt", "action_flag": 2, "change_message": "[{\"changed\": {\"fields\": [\"Image\"]}}]"}}, {"model": "admin.logentry", "pk": 95, "fields": {"action_time": "2021-11-21T20:28:56.754Z", "user": 1, "content_type": 14, "object_id": "54", "object_repr": "One Piece Chopper Hat", "action_flag": 1, "change_message": "[{\"added\": {}}]"}}, {"model": "admin.logentry", "pk": 96, "fields": {"action_time": "2021-11-21T22:07:56.617Z", "user": 1, "content_type": 13, "object_id": "4", "object_repr": "Props", "action_flag": 2, "change_message": "[{\"changed\": {\"fields\": [\"Friendly name\"]}}]"}}, {"model": "admin.logentry", "pk": 97, "fields": {"action_time": "2021-11-21T22:08:03.601Z", "user": 1, "content_type": 13, "object_id": "3", "object_repr": "Figures", "action_flag": 2, "change_message": "[{\"changed\": {\"fields\": [\"Friendly name\"]}}]"}}, {"model": "admin.logentry", "pk": 98, "fields": {"action_time": "2021-11-21T22:08:09.351Z", "user": 1, "content_type": 13, "object_id": "2", "object_repr": "Apparel", "action_flag": 2, "change_message": "[{\"changed\": {\"fields\": [\"Friendly name\"]}}]"}}, {"model": "admin.logentry", "pk": 99, "fields": {"action_time": "2021-11-22T00:08:31.801Z", "user": 1, "content_type": 13, "object_id": "5", "object_repr": "Bleach", "action_flag": 1, "change_message": "[{\"added\": {}}]"}}, {"model": "admin.logentry", "pk": 100, "fields": {"action_time": "2021-11-22T00:08:47.770Z", "user": 1, "content_type": 13, "object_id": "5", "object_repr": "Bleach", "action_flag": 3, "change_message": ""}}, {"model": "admin.logentry", "pk": 101, "fields": {"action_time": "2021-11-22T00:36:52.406Z", "user": 1, "content_type": 14, "object_id": "46", "object_repr": "Naruto Hokage Robe", "action_flag": 2, "change_message": "[{\"changed\": {\"fields\": [\"Category\"]}}]"}}, {"model": "admin.logentry", "pk": 102, "fields": {"action_time": "2021-11-25T01:12:53.196Z", "user": 2, "content_type": 8, "object_id": "2", "object_repr": "ale.aparicio.jose@gmail.com", "action_flag": 2, "change_message": "[{\"changed\": {\"fields\": [\"Verified\", \"Primary\"]}}]"}}, {"model": "admin.logentry", "pk": 103, "fields": {"action_time": "2021-11-25T08:02:23.903Z", "user": 2, "content_type": 8, "object_id": "3", "object_repr": "seunowonikoko@gmail.com", "action_flag": 2, "change_message": "[{\"changed\": {\"fields\": [\"Verified\"]}}]"}}, {"model": "admin.logentry", "pk": 104, "fields": {"action_time": "2021-11-28T00:01:07.919Z", "user": 2, "content_type": 18, "object_id": "6", "object_repr": "blazegx", "action_flag": 3, "change_message": ""}}, {"model": "admin.logentry", "pk": 105, "fields": {"action_time": "2021-11-28T00:01:07.925Z", "user": 2, "content_type": 18, "object_id": "5", "object_repr": "blazegx", "action_flag": 3, "change_message": ""}}, {"model": "admin.logentry", "pk": 106, "fields": {"action_time": "2021-11-28T00:01:07.930Z", "user": 2, "content_type": 18, "object_id": "4", "object_repr": "blazegx", "action_flag": 3, "change_message": ""}}, {"model": "admin.logentry", "pk": 107, "fields": {"action_time": "2021-11-28T00:01:07.934Z", "user": 2, "content_type": 18, "object_id": "3", "object_repr": "blazegx", "action_flag": 3, "change_message": ""}}, {"model": "admin.logentry", "pk": 108, "fields": {"action_time": "2021-11-28T00:01:07.938Z", "user": 2, "content_type": 18, "object_id": "2", "object_repr": "blazegx", "action_flag": 3, "change_message": ""}}, {"model": "admin.logentry", "pk": 109, "fields": {"action_time": "2021-11-28T00:01:07.942Z", "user": 2, "content_type": 18, "object_id": "1", "object_repr": "blazegx", "action_flag": 3, "change_message": ""}}, {"model": "admin.logentry", "pk": 110, "fields": {"action_time": "2021-11-28T02:28:38.449Z", "user": 2, "content_type": 18, "object_id": "7", "object_repr": "blazegx, Bleach Rangiku Figure", "action_flag": 2, "change_message": "[{\"changed\": {\"fields\": [\"Rating\", \"Review\"]}}]"}}, {"model": "admin.logentry", "pk": 111, "fields": {"action_time": "2021-11-28T18:13:20.625Z", "user": 2, "content_type": 18, "object_id": "8", "object_repr": "blazegx, Bleach Espada Sleeve Shirt", "action_flag": 1, "change_message": "[{\"added\": {}}]"}}, {"model": "admin.logentry", "pk": 112, "fields": {"action_time": "2021-11-28T21:24:22.755Z", "user": 2, "content_type": 14, "object_id": "43", "object_repr": "Naruto Akatsuki Rings", "action_flag": 2, "change_message": "[]"}}, {"model": "admin.logentry", "pk": 113, "fields": {"action_time": "2021-11-28T22:43:44.230Z", "user": 2, "content_type": 14, "object_id": "31", "object_repr": "One Piece Ace Figure", "action_flag": 2, "change_message": "[{\"changed\": {\"fields\": [\"Rating\"]}}]"}}, {"model": "admin.logentry", "pk": 114, "fields": {"action_time": "2021-11-28T22:44:13.879Z", "user": 2, "content_type": 14, "object_id": "31", "object_repr": "One Piece Ace Figure", "action_flag": 2, "change_message": "[{\"changed\": {\"fields\": [\"Rating\"]}}]"}}, {"model": "auth.user", "pk": 1, "fields": {"password": "pbkdf2_sha256$260000$TTzm2Kwr5Tw0lhfqlqMOJg$LIzadjwBydxDBkpooR14fwoA8+RWBmpFLgC3WXFWvYY=", "last_login": "2021-11-25T01:10:53.300Z", "is_superuser": true, "username": "aleapa", "first_name": "", "last_name": "", "email": "ale.aparicio@live.com", "is_staff": true, "is_active": true, "date_joined": "2021-11-13T17:10:20.648Z", "groups": [], "user_permissions": []}}, {"model": "auth.user", "pk": 2, "fields": {"password": "pbkdf2_sha256$260000$AtwAzsbXXkfaqU4pgnkTGw$ReFjYEr2ZqemxBH1Wy2ROcobMTrljZYeFfYe3TT1VzE=", "last_login": "2021-11-29T23:28:52.259Z", "is_superuser": true, "username": "blazegx", "first_name": "", "last_name": "", "email": "ale.aparicio.jose@gmail.com", "is_staff": true, "is_active": true, "date_joined": "2021-11-25T01:11:53.196Z", "groups": [], "user_permissions": []}}, {"model": "auth.user", "pk": 3, "fields": {"password": "pbkdf2_sha256$260000$4kddFvd8mU72CnkpigB61Q$Gjir5y3JvPdgx6rGHQeu4ewzhYbHcg62pHUkPEDU4Y0=", "last_login": "2021-11-25T08:02:43.518Z", "is_superuser": false, "username": "seunkoko", "first_name": "", "last_name": "", "email": "seunowonikoko@gmail.com", "is_staff": false, "is_active": true, "date_joined": "2021-11-25T08:01:08.547Z", "groups": [], "user_permissions": []}}, {"model": "sessions.session", "pk": "0a1sbr69bdxug6s03s7ykr1miwkm5d1n", "fields": {"session_data": ".eJxVjMsOwiAQRf-FtWmqrRS6dO83kGFmsGgFA8VojP9uNT7i9pxz700AYixhMmdO3nkmw0fwo-hDGcfF15bMSfSiEQthMufsYzB8Ofl0FX09MyjT8IqMp0_3YxbwwOEpaA9hFyuMYUreVs-kettcbSPxuHm3fwcD5GFeA5Du1nq1QiclaiW71iFarltaWonSEqi16shZapxWjVQSZEe4BG5dq-v5NMOZjQ8uin5Khe8PvXRXqA:1mq9nE:Acxk-ZOBWc23NLthKvjgB7yaLh9DHEM9Q9w4Bo3DKQ4", "expire_date": "2021-12-09T08:07:44.352Z"}}, {"model": "sessions.session", "pk": "4i07vljpbl6qoznpkkj1h5clviljp7aq", "fields": {"session_data": ".eJxVjMsOwiAUBf-FtSEXSgVcuu83EC4HpGpo0sfK-O_apAvdnpk5LxHittawLXkOI8RFKHH63TimR247wD222yTT1NZ5ZLkr8qCLHCbk5_Vw_w5qXOq31r1TxWsHIhvhmQldAhdKgNKJoJU2zvrOelAqRRnWzGegJxhvevH-AOt8OB8:1moWp8:msWz_npFKa5dv6UWRjSNqgywc5VXJqh-NufoY3L5vmc", "expire_date": "2021-12-04T20:18:58.578Z"}}, {"model": "sessions.session", "pk": "4m1tpze5rxjoxm2614omehiupa015b9n", "fields": {"session_data": "e30:1mpheo:U60mCN53yo7JI9TLLGnmKXpUNM3C9nlLyLdrIh3ZOus", "expire_date": "2021-12-08T02:05:10.474Z"}}, {"model": "sessions.session", "pk": "6ajojzk6ccrne6vwqtuyc9aize6rtp6s", "fields": {"session_data": ".eJxVjEEOwiAQRe_C2pB2YARcuvcMBJhBqgaS0q6Md7dNutDte-__t_BhXYpfO89-InERIE6_LIb05LoLeoR6bzK1usxTlHsiD9vlrRG_rkf7d1BCL9taR8jBsMOsk9GE1jnQWVlKDtCiARoZISelAEmNvCE9ZFYq6cjDOYjPF9kkN4g:1mrVE8:IyLTSkn9lyibjLxRfT1VYDuL4sxoxs19Wjhp2sB_vNY", "expire_date": "2021-12-13T01:13:04.416Z"}}, {"model": "sessions.session", "pk": "6gjj06bz90h8v3e8oxstlxmd8ackmlvf", "fields": {"session_data": ".eJxVjMEOwiAQBf-FsyHtAhZ69O43EGAXQQ2Y0iYa47_bJj3odWbeezPrljnZpdFkM7KRATv8Mu_Cjcom8OrKpfJQyzxlz7eE77bxc0W6n_b27yC5lta19BDdQEZFGQaJShsDMgqNwYDSagDsSUEMQoBC0dOKZBdJiCA9dUe3nTZqLddi6fnI04uN3ecLeho-xQ:1mrSu6:P459T9M12NAVL-H5MWQg0PnCoIE3-Q7j4Skta1BKeAI", "expire_date": "2021-12-12T22:44:14.188Z"}}, {"model": "sessions.session", "pk": "8dgwswqt4r0525qvugyoty1b5l35m9vi", "fields": {"session_data": ".eJyrVkpKTFeyqlYyNASRmSWpucXxSZXxxZlVqSCBXCUrw9paHSUjXLJGtUAAACSgF1Y:1mrnZ6:mLhVuAQaG0tSY3KtHN80Ee5DtpQfjCuadyIJkK9cBwc", "expire_date": "2021-12-13T20:47:56.527Z"}}, {"model": "sessions.session", "pk": "8potf0dngjv40m7y0e80cvyexcaq3phn", "fields": {"session_data": "e30:1mq3Hp:CQDomYkUH8vnbhkBUZZav-UsGgBeivQlBkFeWbyZLOo", "expire_date": "2021-12-09T01:10:53.237Z"}}, {"model": "sessions.session", "pk": "aq7hldbfgcyz7egoy48i8hsfy74rowm1", "fields": {"session_data": "eyJiYWciOnsiMjgiOjEsIjUxIjoxLCIzIjp7Iml0ZW1zX2J5X3NpemUiOnsibSI6M319fX0:1mrn6b:XF6a9pKA2pn10TbT8mS0JFTkuS4JOJ4Psdx9LwY0kL8", "expire_date": "2021-12-13T20:18:29.963Z"}}, {"model": "sessions.session", "pk": "d8emynbcd8sus95wa8do9t684cbw2pyn", "fields": {"session_data": ".eJxVjskOgyAURf-FtSHKUIVl9_0GwvBQOkAjmtSa_nshcdHexVucO-TtSOl1mdSaYVbBIYkIan6Z0fYGsRruquOYsE1xmYPBNYIPN-NLcnA_H9m_gUnnqbSZIV73ILhntmeOD0IQ5ungrCB84D1xHXDiLaWEO9pBQaz1QKllBtqTrqMZcg4pKng9w7wh2TbI6BHJvTxdTljgkZXZVA5vqOCBJPkUfQGryUtC:1mrwuT:oIjyG6WpaHo1e5ROXHdmClnE55lnxwQL5kS3Y8OkeC4", "expire_date": "2021-12-14T06:46:37.507Z"}}, {"model": "sessions.session", "pk": "f298b49n0jthps4l6lu5mcmawhxioe44", "fields": {"session_data": "e30:1mphfb:AmHYAAsF3b4oe_u7Whhh5t8puhbEkKA6_q0jhjhFM8A", "expire_date": "2021-12-08T02:05:59.135Z"}}, {"model": "sessions.session", "pk": "g57euzab2rh7vs7nwgydayaym87dl8t8", "fields": {"session_data": ".eJxVjMEOwiAQBf-Fc0PaBWzp0bvfQIBdLGrAQGs0xn-3TXrQ68y892bGLvNklkrFRGQjA9b8Mmf9ldIm8GLTOXOf01yi41vCd1v5KSPdjnv7dzDZOq1r6SDYnrQK0vcS1aA1yCAG9BrUoHrAjhQELwQoFB2tSLaBhPDSUXuw22mlWmNOhp73WF5sbBtW7YNMTCGzcS4Lfb7XvETp:1mq9i4:xLQKpZSR9TRFTnCnEja29N-WqlegyrGLognlHrYNSWQ", "expire_date": "2021-12-09T08:02:24.133Z"}}, {"model": "sessions.session", "pk": "i9txj04bw88vn1adiuyob43cmqd48p6o", "fields": {"session_data": ".eJxVjMsOwiAUBf-FtSEXSgVcuu83EC4HpGpo0sfK-O_apAvdnpk5LxHittawLXkOI8RFKHH63TimR247wD222yTT1NZ5ZLkr8qCLHCbk5_Vw_w5qXOq31r1TxWsHIhvhmQldAhdKgNKJoJU2zvrOelAqRRnWzGegJxhvevH-AOt8OB8:1mlx3H:9vHK0KGpfTACu_snrq6uku2vGnmXLwkaS_NXfN_IXF4", "expire_date": "2021-11-27T17:42:55.068Z"}}, {"model": "sessions.session", "pk": "jpz2z26eleu5s64s6ue3qga22keidky3", "fields": {"session_data": ".eJxVjMEOwiAQBf-FsyHtAhZ69O43EGAXQQ2Y0iYa47_bJj3odWbeezPrljnZpdFkM7KRATv8Mu_Cjcom8OrKpfJQyzxlz7eE77bxc0W6n_b27yC5lta19BDdQEZFGQaJShsDMgqNwYDSagDsSUEMQoBC0dOKZBdJiCA9dUe3nTZqLddi6fnI04uN3ecLeho-xQ:1mrXme:Am7fisVglQyTlxfXvHP1a_7D4M0Dd1mRBPJa-vMttjY", "expire_date": "2021-12-13T03:56:52.383Z"}}, {"model": "sessions.session", "pk": "l1w80sv5q4xy5glb0rycpw1wskbjiqak", "fields": {"session_data": "eyJiYWciOnsiMiI6eyJpdGVtc19ieV9zaXplIjp7Im0iOjF9fX19:1mpIJq:KNHZ_3NTp-O9wMzuewVY-HKffs5ogyCGbdvMKBb1sps", "expire_date": "2021-12-06T23:01:50.829Z"}}, {"model": "sessions.session", "pk": "ps71h1xwtv3ws96q92vjtlsgg87uu6bq", "fields": {"session_data": ".eJxVjskOgyAURf-FtSHKUIVl9_0GwvBQOkAjmtSa_nshcdHexVucO-TtSOl1mdSaYVbBIYkIan6Z0fYGsRruquOYsE1xmYPBNYIPN-NLcnA_H9m_gUnnqbSZIV73ILhntmeOD0IQ5ungrCB84D1xHXDiLaWEO9pBQaz1QKllBtqTrqMZcg4pKng9w7wh2TbI6BHJvTxdTljgkZXZVA5vqOCBZPcp-gKrxEtB:1mr9vi:MmfKWxYcEsuIkQFdrduZFAxX0wj3XF3V72fdE1mmz2E", "expire_date": "2021-12-12T02:28:38.652Z"}}, {"model": "sessions.session", "pk": "rgr980x0quo7w0vjjel5g0kt2wovw101", "fields": {"session_data": ".eJxVjMEOgyAQBf9lzw0BxCoce-83EJYFpW2gEU3aGP-9NfHi9c28WQHdAGYFocGI7QLWLfNolxommwgMCDht6Pwz5B3Qw-WhMF_yPCVku8IOWtm9UHjdDvcUGF0d_2_Z9iJq2RPnnSONyKnxhJF7IiE9Jymk6jvddJq4j1EolIhXopaT0qrdozXUmkq24fNO0xcM336j1UNB:1mpguR:YxfbsS0wuoHkUSx5hmV-xf1T-6RfhJ_WBZVkzYXW0oE", "expire_date": "2021-12-08T01:17:15.531Z"}}, {"model": "sessions.session", "pk": "rnz6b4d5vwcwiyfo1k12ijxenzb0ze3u", "fields": {"session_data": ".eJxVjMEOwiAQBf-Fc0PaBWzp0bvfQIBdLGrAQGs0xn-3TXrQ68y892bGLvNklkrFRGQjA9b8Mmf9ldIm8GLTOXOf01yi41vCd1v5KSPdjnv7dzDZOq1r6SDYnrQK0vcS1aA1yCAG9BrUoHrAjhQELwQoFB2tSLaBhPDSUXuw22mlWmNOhp73WF5sbBtW7YNMTCGzcS4Lfb7XvETp:1mqk9M:D78zLPonrBgMz40aKakDDGz4nMoCoq5Tw2rj9OcKxh4", "expire_date": "2021-12-10T22:57:00.749Z"}}, {"model": "sessions.session", "pk": "rryhkup9ohzgzwwvca4na3usxhvq0bm6", "fields": {"session_data": ".eJxVjMsOwiAUBf-FtSEXSgVcuu83EC4HpGpo0sfK-O_apAvdnpk5LxHittawLXkOI8RFKHH63TimR247wD222yTT1NZ5ZLkr8qCLHCbk5_Vw_w5qXOq31r1TxWsHIhvhmQldAhdKgNKJoJU2zvrOelAqRRnWzGegJxhvevH-AOt8OB8:1moCuJ:emM0lPNyfFfBCFEi7t360KfSixZZUA2z0QDKr9d9sww", "expire_date": "2021-12-03T23:02:59.336Z"}}, {"model": "sessions.session", "pk": "veiwp8xsr3a5tqm7wpxmb9vukgw37s5i", "fields": {"session_data": ".eJxVjEEOgyAUBe_CuiEfhCouu-8ZCJ8HattoIroy3r2auGi3b-bNJnxYl96vJc1-gGiFErffjUN8p_EEeIWxm2ScxmUeWJ6KvGiRzwnp87jcv0AfSn-8tW1UdroBUR3gmAlVBGeKgNKRoJU2Te2q2oFizsqwZr4DlmCcsUeUQyfabd-_71Q66w:1mozfd:LcA_AV1uy9gHbaVM-oMpXQ0zwn7SKVRl2SmSO7dY-uA", "expire_date": "2021-12-06T03:07:05.608Z"}}, {"model": "sessions.session", "pk": "whbi6rnb31e7vjpz8jpdnz1i74znmm0s", "fields": {"session_data": "e30:1mpheX:anroHWjT8H1gqdYfsteAWh5TBb6b8Jzg1Qwdrt4G9a4", "expire_date": "2021-12-08T02:04:53.388Z"}}, {"model": "sessions.session", "pk": "wqm38o5410xy47w1eu0cgi8vxkou1ke1", "fields": {"session_data": ".eJxVjMsOgjAQRf-la9NAH0JZuvcbmmk7lSppTQeMxvjvQsKG7Tnn3i8jeKFNORY2RJgIT8zCMo92Iaw2BTYwwQ7MgX9g3kS4Q74V7kuea3J8S_huiV9LwOmyt4eDEWhc18qJCB0aHZXvVNC9MUJF2QdvhO51J0KLWkQvpdBBtrgi1USU0iuHzRm2U0KiVLLF9zPVDxua3x-HUEU0:1mq4Xx:nKqdxWNNz9MnoUJcCqeiQue3Qjq-HvVeYBHx3_SypLg", "expire_date": "2021-12-09T02:31:37.014Z"}}, {"model": "sites.site", "pk": 1, "fields": {"domain": "example.com", "name": "example.com"}}, {"model": "account.emailaddress", "pk": 1, "fields": {"user": 1, "email": "ale.aparicio@live.com", "verified": true, "primary": true}}, {"model": "account.emailaddress", "pk": 2, "fields": {"user": 2, "email": "ale.aparicio.jose@gmail.com", "verified": true, "primary": true}}, {"model": "account.emailaddress", "pk": 3, "fields": {"user": 3, "email": "seunowonikoko@gmail.com", "verified": true, "primary": true}}, {"model": "products.category", "pk": 2, "fields": {"name": "Apparel", "friendly_name": "Apparel"}}, {"model": "products.category", "pk": 3, "fields": {"name": "Figures", "friendly_name": "Figures"}}, {"model": "products.category", "pk": 4, "fields": {"name": "Props", "friendly_name": "Props"}}, {"model": "products.product", "pk": 1, "fields": {"category": 2, "sku": "Ble/Sle/Bla", "name": "Bleach Espada Sleeve Shirt", "description": "Bleach Sleeve Shirt, Black, 100% Cotton", "has_sizes": true, "price": "40.00", "rating": "5.00", "image_url": null, "image": "espada-sleeve-shirt_8r8R7SO.jpg"}}, {"model": "products.product", "pk": 2, "fields": {"category": 2, "sku": "Ich/Shi/Red", "name": "Bleach Ichigo Shirt", "description": "Ichigo Shirt, Red, 100% Cotton", "has_sizes": true, "price": "30.00", "rating": "5.00", "image_url": null, "image": "ichigo-shirt.jpg"}}, {"model": "products.product", "pk": 3, "fields": {"category": 2, "sku": "Nel/Shi/Gre", "name": "Bleach Nelliel Shirt", "description": "Nelliel Shirt, Grey, 100% Cotton", "has_sizes": true, "price": "30.00", "rating": "5.00", "image_url": null, "image": "nelliel-shirt.jpg"}}, {"model": "products.product", "pk": 4, "fields": {"category": 2, "sku": "Ori/Hoo/Yel", "name": "Bleach Orihime Hoodie", "description": "Orihimi Hoodie, Yellow, 100% Cotton", "has_sizes": true, "price": "60.00", "rating": "5.00", "image_url": null, "image": "orihime-hoodie.jpg"}}, {"model": "products.product", "pk": 5, "fields": {"category": 2, "sku": "Tos/Shi/Bla", "name": "Bleach Toshiro Shirt", "description": "Toshiro Shirt, Black, 100% Cotton", "has_sizes": true, "price": "30.00", "rating": "5.00", "image_url": null, "image": "toshiro-shirt.jpg"}}, {"model": "products.product", "pk": 6, "fields": {"category": 2, "sku": "Ulq/Shi/Whi", "name": "Bleach Ulquiorra Shirt", "description": "Ulquiorra Shirt, White, 100% Cotton", "has_sizes": true, "price": "30.00", "rating": "5.00", "image_url": null, "image": "ulquiorra-shirt.jpg"}}, {"model": "products.product", "pk": 7, "fields": {"category": 2, "sku": "Aka/Shi/Whi", "name": "Naruto Akatsuki Shirt", "description": "Akatsuki Shirt, White, 100% Cotton", "has_sizes": true, "price": "30.00", "rating": "5.00", "image_url": null, "image": "akatsuki-shirt.webp"}}, {"model": "products.product", "pk": 8, "fields": {"category": 2, "sku": "Ita/Hoo/Bla", "name": "Naruto Itachi Hoodie", "description": "Itachi Hoodie, Black, 100% Cotton", "has_sizes": true, "price": "60.00", "rating": "5.00", "image_url": null, "image": "black-itachi-hoodie.webp"}}, {"model": "products.product", "pk": 9, "fields": {"category": 2, "sku": "Kak/Hoo/Bla", "name": "Naruto Kakashi Hoodie", "description": "Kakashi Hoodie, Black, 100% Cotton", "has_sizes": true, "price": "60.00", "rating": "5.00", "image_url": null, "image": "kakashi-hoodie.webp"}}, {"model": "products.product", "pk": 10, "fields": {"category": 2, "sku": "Nar/Shi/Whi", "name": "Naruto Shirt", "description": "Naruto Shirt, White, 100% Cotton", "has_sizes": true, "price": "30.00", "rating": "5.00", "image_url": null, "image": "naruto-shirt.webp"}}, {"model": "products.product", "pk": 11, "fields": {"category": 2, "sku": "Pai/Shi/Whi", "name": "Naruto Pain Shirt", "description": "Pain Shirt, White, 100% Cotton", "has_sizes": true, "price": "30.00", "rating": "5.00", "image_url": null, "image": "pain-shirt.webp"}}, {"model": "products.product", "pk": 12, "fields": {"category": 2, "sku": "Roc/Hoo/Bla", "name": "Naruto Rock Lee Hoodie", "description": "Rock Lee Hoodie, Black, 100% Cotton", "has_sizes": true, "price": "60.00", "rating": "5.00", "image_url": null, "image": "rock-lee-hoodie.webp"}}, {"model": "products.product", "pk": 13, "fields": {"category": 2, "sku": "Str/Shi/Red", "name": "One Piece Straw Hats Shirt", "description": "Straw Hats Shirt, Red, 100% Cotton", "has_sizes": true, "price": "30.00", "rating": "5.00", "image_url": null, "image": "anime-pirates-t-shirt-red-s-262-768x768.jpg"}}, {"model": "products.product", "pk": 14, "fields": {"category": 2, "sku": "Cho/Shi/Nav", "name": "One Piece Chopper Shirt", "description": "Chopper Shirt, Navy Blue, 100% Cotton", "has_sizes": true, "price": "30.00", "rating": "5.00", "image_url": null, "image": "choppa-tony-t-shirt-navy-blue-s-164-768x768.jpg"}}, {"model": "products.product", "pk": 15, "fields": {"category": 2, "sku": "Don/Shi/Bla", "name": "One Piece Donquixote Doflamingo Shirt", "description": "Donquixote Doflamingo Shirt, Black, 100% Cotton", "has_sizes": true, "price": "30.00", "rating": "5.00", "image_url": null, "image": "donquixote-doflamingo-one-piece-otaku-design-t-shirt-black-s-110-768x768.png"}}, {"model": "products.product", "pk": 16, "fields": {"category": 2, "sku": "Goi/Shi/Whi", "name": "One Piece Going Merry Shirt", "description": "Going Merry Shirt, White, 100% Cotton", "has_sizes": true, "price": "30.00", "rating": "5.00", "image_url": null, "image": "going-merry-go-t-shirt-white-s-247-768x768.png"}}, {"model": "products.product", "pk": 17, "fields": {"category": 2, "sku": "Kin/Shi/Whi", "name": "One Piece Pirate King Shirt", "description": "Pirate King Luffy Shirt, White, 100% Cotton", "has_sizes": true, "price": "30.00", "rating": "5.00", "image_url": null, "image": "king-of-pirate-t-shirt-white-s-814-768x768.jpg"}}, {"model": "products.product", "pk": 18, "fields": {"category": 2, "sku": "Luf/Shi/Nav", "name": "One Piece Luffy x Zoro Shirt", "description": "Luffy x Zoro Shirt, Navy Blue, 100% Cotton", "has_sizes": true, "price": "30.00", "rating": "5.00", "image_url": null, "image": "luffy-x-zoro-t-shirt-navy-blue-s-784-768x768.jpg"}}, {"model": "products.product", "pk": 19, "fields": {"category": 3, "sku": "Bya/Fig", "name": "Bleach Byakuya Figure", "description": "Byakuya Figure, PVC", "has_sizes": false, "price": "300.00", "rating": "5.00", "image_url": null, "image": "byakuya-figure.jpg"}}, {"model": "products.product", "pk": 20, "fields": {"category": 3, "sku": "Ken/Fig", "name": "Bleach Kenpachi Figure", "description": "Kenpachi Figure, PVC", "has_sizes": false, "price": "300.00", "rating": "5.00", "image_url": null, "image": "kenpachi-figure.jpg"}}, {"model": "products.product", "pk": 21, "fields": {"category": 3, "sku": "Ran/Fig", "name": "Bleach Rangiku Figure", "description": "Rangiku Figure, PVC", "has_sizes": false, "price": "300.00", "rating": "5.00", "image_url": null, "image": "rangiku-figure.jpg"}}, {"model": "products.product", "pk": 22, "fields": {"category": 3, "sku": "Ren/Fig", "name": "Bleach Renji Figure", "description": "Renji Figure, PVC", "has_sizes": false, "price": "500.00", "rating": "5.00", "image_url": null, "image": "renji-figure.jpg"}}, {"model": "products.product", "pk": 23, "fields": {"category": 3, "sku": "Shu/Fig", "name": "Bleach Shunsui Figure", "description": "Shunsui Figure, PVC", "has_sizes": false, "price": "350.00", "rating": "5.00", "image_url": null, "image": "shunsui-figure.jpg"}}, {"model": "products.product", "pk": 24, "fields": {"category": 3, "sku": "Uki/Fig", "name": "Bleach Ukitake Figure", "description": "Ukitake Figure, PVC", "has_sizes": false, "price": "350.00", "rating": "5.00", "image_url": null, "image": "ukitake-figure.jpg"}}, {"model": "products.product", "pk": 25, "fields": {"category": 3, "sku": "Ita/Fig", "name": "Naruto Itachi Figure", "description": "Itachi Figure, PVC", "has_sizes": false, "price": "300.00", "rating": "5.00", "image_url": null, "image": "itachi-figure.jpg"}}, {"model": "products.product", "pk": 26, "fields": {"category": 3, "sku": "Kak/Fig", "name": "Naruto Kakashi Figure", "description": "Kakashi Figure, PVC", "has_sizes": false, "price": "500.00", "rating": "5.00", "image_url": null, "image": "kakashi-figure.jpg"}}, {"model": "products.product", "pk": 27, "fields": {"category": 3, "sku": "Mad/Fig", "name": "Naruto Madara-Obito Figure", "description": "Madara-Obito Figure, PVC", "has_sizes": false, "price": "400.00", "rating": "5.00", "image_url": null, "image": "madara-obito-figure.jpg"}}, {"model": "products.product", "pk": 28, "fields": {"category": 3, "sku": "Nar/Fig", "name": "Naruto Figure", "description": "Naruto Figure, PVC", "has_sizes": false, "price": "300.00", "rating": "5.00", "image_url": null, "image": "naruto-figure.jpg"}}, {"model": "products.product", "pk": 29, "fields": {"category": 3, "sku": "Obi/Fig", "name": "Naruto Obito Figure", "description": "Obito Figure, PVC", "has_sizes": false, "price": "350.00", "rating": "5.00", "image_url": null, "image": "obito-figure.jpg"}}, {"model": "products.product", "pk": 30, "fields": {"category": 3, "sku": "Sas/Fig", "name": "Naruto Sasuke Figure", "description": "Sasuke Figure, PVC", "has_sizes": false, "price": "500.00", "rating": "5.00", "image_url": null, "image": "sasuke-figure.jpg"}}, {"model": "products.product", "pk": 31, "fields": {"category": 3, "sku": "Ace/Fig", "name": "One Piece Ace Figure", "description": "Ace Figure, PVC", "has_sizes": false, "price": "250.00", "rating": "5.00", "image_url": null, "image": "ace-figure.jpg"}}, {"model": "products.product", "pk": 32, "fields": {"category": 3, "sku": "Bla/Fig", "name": "One Piece Black Beard Figure", "description": "Black Beard Figure, PVC", "has_sizes": false, "price": "500.00", "rating": "5.00", "image_url": null, "image": "black-beard-figure.jpg"}}, {"model": "products.product", "pk": 33, "fields": {"category": 3, "sku": "Luf/Fig", "name": "One Piece Luffy Figure", "description": "Luffy Figure, PVC", "has_sizes": false, "price": "350.00", "rating": "5.00", "image_url": null, "image": "luffy-figure.gif"}}, {"model": "products.product", "pk": 34, "fields": {"category": 3, "sku": "Mar/Fig", "name": "One Piece Marco Figure", "description": "Marco Figure, PVC", "has_sizes": false, "price": "350.00", "rating": "5.00", "image_url": null, "image": "marco-figure.jpg"}}, {"model": "products.product", "pk": 35, "fields": {"category": 3, "sku": "San/Fig", "name": "One Piece Sanji Figure", "description": "Sanji Figure, PVC", "has_sizes": false, "price": "400.00", "rating": "5.00", "image_url": null, "image": "sanji-figure.jpg"}}, {"model": "products.product", "pk": 36, "fields": {"category": 3, "sku": "Zor/Fig", "name": "One Piece Zoro Figure", "description": "Zoro Figure, PVC", "has_sizes": false, "price": "400.00", "rating": "5.00", "image_url": null, "image": "zoro-figure.gif"}}, {"model": "products.product", "pk": 37, "fields": {"category": 4, "sku": "Ich/Pro", "name": "Bleach Ichigo Hollow Mask", "description": "Ichigo Hollow Mask", "has_sizes": false, "price": "20.00", "rating": "5.00", "image_url": null, "image": "ichigo-hollow-mask.jpg"}}, {"model": "products.product", "pk": 38, "fields": {"category": 4, "sku": "Ich/Pro/1", "name": "Bleach Ichigo Sword", "description": "Ichigo Sword, Wood", "has_sizes": false, "price": "50.00", "rating": "5.00", "image_url": null, "image": "ichigo-sword.jpg"}}, {"model": "products.product", "pk": 39, "fields": {"category": 4, "sku": "Ken/Pro", "name": "Bleach Kenpachi Sword", "description": "Kenpachi Sword, Wood", "has_sizes": false, "price": "50.00", "rating": "5.00", "image_url": null, "image": "kenpachi-sword.jpg"}}, {"model": "products.product", "pk": 40, "fields": {"category": 4, "sku": "Ruk/Pro", "name": "Bleach Rukia Sword", "description": "Rukia Sword, Wood", "has_sizes": false, "price": "50.00", "rating": "5.00", "image_url": null, "image": "rukia-sword.jpg"}}, {"model": "products.product", "pk": 41, "fields": {"category": 4, "sku": "Tos/Pro", "name": "Bleach Toshiro Sword", "description": "Toshiro Sword, Wood", "has_sizes": false, "price": "50.00", "rating": "5.00", "image_url": null, "image": "toushirou-sword.jpg"}}, {"model": "products.product", "pk": 42, "fields": {"category": 4, "sku": "Kis/Pro", "name": "Bleach Kisuke Urahara Sword", "description": "Kisuke Urahara Sword, Wood", "has_sizes": false, "price": "50.00", "rating": "5.00", "image_url": null, "image": "urahara-sword.jpg"}}, {"model": "products.product", "pk": 43, "fields": {"category": 4, "sku": "Aka/Pro", "name": "Naruto Akatsuki Rings", "description": "Akatsuki Rings, 10 rings, Stainless Steel", "has_sizes": false, "price": "30.00", "rating": "5.00", "image_url": null, "image": "akatsuki-rings.jpg"}}, {"model": "products.product", "pk": 44, "fields": {"category": 4, "sku": "Aka/Pro/1", "name": "Naruto Akatsuki Robe", "description": "Akatsuki Robe, 100% Cotton", "has_sizes": false, "price": "50.00", "rating": "5.00", "image_url": null, "image": "akatsuki-robe.jpeg"}}, {"model": "products.product", "pk": 45, "fields": {"category": 4, "sku": "Min/Pro", "name": "Naruto Minato Costume", "description": "Minato Costume for Cosplay", "has_sizes": false, "price": "50.00", "rating": "5.00", "image_url": null, "image": "minato-costume.jpg"}}, {"model": "products.product", "pk": 46, "fields": {"category": 4, "sku": "Nar/Pro", "name": "Naruto Hokage Robe", "description": "Naruto Hokage Robe for Cosplay", "has_sizes": false, "price": "50.00", "rating": "5.00", "image_url": null, "image": "naruto-hokage-robe.jpg"}}, {"model": "products.product", "pk": 47, "fields": {"category": 4, "sku": "Nin/Pro", "name": "Naruto Ninja Headband", "description": "Naruto Ninja Headband for Cosplay, Stainless Steel", "has_sizes": false, "price": "20.00", "rating": "5.00", "image_url": null, "image": "naruto-ninja-headband.jpg"}}, {"model": "products.product", "pk": 48, "fields": {"category": 4, "sku": "Tob/Pro", "name": "Naruto Tobi Mask", "description": "Tobi Mask for Cosplay, Plastic", "has_sizes": false, "price": "15.00", "rating": "5.00", "image_url": null, "image": "tobi-mask.jpg"}}, {"model": "products.product", "pk": 49, "fields": {"category": 4, "sku": "Jol/Pro", "name": "One Piece Straw Hat Jolly Roger", "description": "Straw Hat Jolly Roger, 90x150 cm", "has_sizes": false, "price": "20.00", "rating": "5.00", "image_url": null, "image": "90-150CM-One-Piece-Monkey-D-Luffy-Skull-Flag.jpg"}}, {"model": "products.product", "pk": 50, "fields": {"category": 4, "sku": "Ace/Pro", "name": "One Piece Ace Hat", "description": "Ace Hat for Cosplay", "has_sizes": false, "price": "20.00", "rating": "5.00", "image_url": null, "image": "Ace-Hat-Official-Merch.jpg"}}, {"model": "products.product", "pk": 51, "fields": {"category": 4, "sku": "Zor/Pro", "name": "One Piece Zoro Swords", "description": "Zoro Swords, All Wood", "has_sizes": false, "price": "200.00", "rating": "5.00", "image_url": null, "image": "Fun-104cm-Cosplay-Anime-One-Piece-Roronoa-Zoro-Trafalgar-Law-weapon-wooden-Sword-model-Costume.jpg"}}, {"model": "products.product", "pk": 52, "fields": {"category": 4, "sku": "Luf/Pro", "name": "One Piece Luffy Hat", "description": "Luffy Hat for Cosplay", "has_sizes": false, "price": "20.00", "rating": "5.00", "image_url": null, "image": "one-piece-monkey-d-luffy-straw-hat-cosplay-156-768x768.jpg"}}, {"model": "products.product", "pk": 53, "fields": {"category": 4, "sku": "Tra/Pro", "name": "One Piece Trafalgar Hat", "description": "Trafalgar Hat for Cosplay", "has_sizes": false, "price": "20.00", "rating": "5.00", "image_url": null, "image": "trafalgar-law-official-merch.jpg"}}, {"model": "products.product", "pk": 54, "fields": {"category": 4, "sku": "Chop/Pro", "name": "One Piece Chopper Hat", "description": "Chopper Hat for Cosplay", "has_sizes": false, "price": "20.00", "rating": "5.00", "image_url": null, "image": "chopper-hat-official-merch.jpg"}}, {"model": "products.review", "pk": 7, "fields": {"product": 21, "user": 2, "rating": 5, "review": "Great Product for the Price!", "date": "2021-11-27T23:52:56.083Z"}}, {"model": "products.review", "pk": 8, "fields": {"product": 1, "user": 2, "rating": 5, "review": "Love the Quality!", "date": "2021-11-28T18:13:20.625Z"}}, {"model": "products.review", "pk": 9, "fields": {"product": 2, "user": 2, "rating": 5, "review": "Love the Color, Quality was Excellent!", "date": "2021-11-28T21:49:42.853Z"}}, {"model": "products.review", "pk": 10, "fields": {"product": 3, "user": 2, "rating": 4, "review": "Quality is great, just wish this was available in white", "date": "2021-11-28T21:53:57.138Z"}}, {"model": "checkout.order", "pk": 1, "fields": {"order_number": "B7C664B193D5478287EBA848DB1C9AC4", "user_profile": null, "full_name": "test", "email": "test@test.com", "phone_number": "asdfasdf", "country": "US", "postcode": "00000", "town_or_city": "fasasffas", "street_address1": "asfasfd", "street_address2": "safdafsfas", "county": "asfasfasf", "date": "2021-11-24T01:24:07.395Z", "delivery_cost": "0.00", "order_total": "900.00", "grand_total": "900.00", "original_bag": "{\"21\": 3}", "stripe_pid": "pi_3JzA9QBcl3k8zAkh1xEttP6l"}}, {"model": "checkout.order", "pk": 2, "fields": {"order_number": "492D3B3594EB4387928AAFBEE0F0ED6F", "user_profile": null, "full_name": "Testing", "email": "test@test.com", "phone_number": "asdfasdf", "country": "AG", "postcode": "00000", "town_or_city": "fasasffas", "street_address1": "sdgsdgdsg", "street_address2": "safdafsfas", "county": "fasdafsfas", "date": "2021-11-25T02:15:35.648Z", "delivery_cost": "0.00", "order_total": "60.00", "grand_total": "60.00", "original_bag": "{\"2\": {\"items_by_size\": {\"m\": 2}}}", "stripe_pid": "pi_3JzXUSBcl3k8zAkh0M1jP27j"}}, {"model": "checkout.order", "pk": 3, "fields": {"order_number": "9E28B08CB39E46A0A15F97874DDED01F", "user_profile": null, "full_name": "test", "email": "ale.aparicio@live.com", "phone_number": "asdfasdf", "country": "HT", "postcode": "00000", "town_or_city": "fasasffas", "street_address1": "sdgsdgdsg", "street_address2": "safdafsfas", "county": "fasdafsfas", "date": "2021-11-25T02:16:38.528Z", "delivery_cost": "0.00", "order_total": "1800.00", "grand_total": "1800.00", "original_bag": "{\"21\": 6}", "stripe_pid": "pi_3JzXVPBcl3k8zAkh0YQAIJIj"}}, {"model": "checkout.order", "pk": 4, "fields": {"order_number": "4E5BE3B533014A81BBB6ABC9370A79F0", "user_profile": null, "full_name": "Alejandro Rodriguez", "email": "ale.aparicio@live.com", "phone_number": "123454412343", "country": "IT", "postcode": "00000", "town_or_city": "Salmiya", "street_address1": "Block 5, Street 6, Ave. 2", "street_address2": "Building 55, Floor 3 Apartment 3", "county": "Kuwait", "date": "2021-11-25T07:51:08.869Z", "delivery_cost": "0.00", "order_total": "80.00", "grand_total": "80.00", "original_bag": "{\"1\": {\"items_by_size\": {\"m\": 2}}}", "stripe_pid": "pi_3JzcjHBcl3k8zAkh0ZFZF7ih"}}, {"model": "checkout.order", "pk": 5, "fields": {"order_number": "A793E65A298F4ADF8D0A81FDEF60319D", "user_profile": null, "full_name": "Oluwaseun", "email": "seunowonikoko@gmail.com", "phone_number": "+63464838", "country": "AQ", "postcode": "345565", "town_or_city": "eeeeee", "street_address1": "44445r55", "street_address2": null, "county": "Somewhere", "date": "2021-11-25T08:07:44.008Z", "delivery_cost": "0.00", "order_total": "120.00", "grand_total": "120.00", "original_bag": "{\"11\": {\"items_by_size\": {\"m\": 2}}, \"8\": {\"items_by_size\": {\"m\": 1}}}", "stripe_pid": "pi_3JzcyTBcl3k8zAkh14AntMfo"}}, {"model": "checkout.order", "pk": 6, "fields": {"order_number": "D6293528B5A24F499D3BEC6C4E37EE91", "user_profile": 1, "full_name": "Alejandro", "email": "ale.aparicio.jose@gmail.com", "phone_number": "123454412343", "country": "IT", "postcode": "00000", "town_or_city": "Salmiya", "street_address1": "Block 5, Street 6, Ave. 2", "street_address2": "Building 55, Floor 3 Apartment 3", "county": "Kuwait", "date": "2021-11-26T22:57:00.336Z", "delivery_cost": "0.00", "order_total": "120.00", "grand_total": "120.00", "original_bag": "{\"2\": {\"items_by_size\": {\"m\": 4}}}", "stripe_pid": "pi_3K0DLYBcl3k8zAkh0sTYqt4A"}}, {"model": "checkout.orderlineitem", "pk": 1, "fields": {"order": 1, "product": 21, "product_size": null, "quantity": 3, "lineitem_total": "900.00"}}, {"model": "checkout.orderlineitem", "pk": 2, "fields": {"order": 2, "product": 2, "product_size": "m", "quantity": 2, "lineitem_total": "60.00"}}, {"model": "checkout.orderlineitem", "pk": 3, "fields": {"order": 3, "product": 21, "product_size": null, "quantity": 6, "lineitem_total": "1800.00"}}, {"model": "checkout.orderlineitem", "pk": 4, "fields": {"order": 4, "product": 1, "product_size": "m", "quantity": 2, "lineitem_total": "80.00"}}, {"model": "checkout.orderlineitem", "pk": 5, "fields": {"order": 5, "product": 11, "product_size": "m", "quantity": 2, "lineitem_total": "60.00"}}, {"model": "checkout.orderlineitem", "pk": 6, "fields": {"order": 5, "product": 8, "product_size": "m", "quantity": 1, "lineitem_total": "60.00"}}, {"model": "checkout.orderlineitem", "pk": 7, "fields": {"order": 6, "product": 2, "product_size": "m", "quantity": 4, "lineitem_total": "120.00"}}, {"model": "profiles.userprofile", "pk": 1, "fields": {"user": 2, "default_phone_number": "123454412343", "default_country": "IT", "default_postcode": "00000", "default_town_or_city": "Salmiya", "default_street_address1": "Block 5, Street 6, Ave. 2", "default_street_address2": "Building 55, Floor 3 Apartment 3", "default_county": "Kuwait"}}, {"model": "profiles.userprofile", "pk": 2, "fields": {"user": 3, "default_phone_number": "+63464838", "default_country": "AQ", "default_postcode": "345565", "default_town_or_city": "eeeeee", "default_street_address1": "44445r55", "default_street_address2": null, "default_county": "Somewhere"}}]